post_id,post_text,cleaned_post_text
875795853991623,"Welcome home ğŸ‡¹ğŸ‡­ Antonia Porsild, 1st Runner-Up Miss Universe 2023 âœ¨
â€¢ 
#MissUniversePredictions #The72ndMissUniverse","Welcome home  Antonia Porsild, 1st Runner-Up Miss Universe 2023  â€¢   "
875657524005456,"Yes queen, we heard you! Sheynnis Palacios Cornejo ğŸ’¯

#PageantryNewsInternational
#TPPNetwork
#72ndMissUniverse
#BeautifullyConfident
#HelloUniverse
#SheynnisPalacios
ğŸ“¸ ctto","Yes queen, we heard you! Sheynnis Palacios Cornejo ğŸ’¯         ctto"
875192604051948,"ğƒğ‘ğğ”ğ†ğ‡ğ“ ğğ‘ğ„ğ€ğŠğ„ğ‘ğ’ | It was a tough competition but still they managed to rise above the rest. The drought breakers of the 72nd Miss Universe.

Chile â€¢ Celeste Viel Caballero â€¢ Top 20 finisher
Last placement wasXem thÃªm in 2004 (19 years, Top 15)

El Salvador â€¢ Isabella Garcia Manzo â€¢ Top 10 finisher
Last placement was in 1996 (27 years, Top 10)

Namibia â€¢ Jammela Urias â€¢ Top 20 finisher
Last placement was in 2003 (20 years, Top 10

#PageantryNewsInternational
#TPPNetwork
#72ndMissUniverse
#BeautifullyConfident
#HelloUniverse
#DroughtBreakers

ğŸ“¸ credits to the owner","ğƒğ‘ğğ”ğ†ğ‡ğ“ ğğ‘ğ„ğ€ğŠğ„ğ‘ğ’ | It was a tough competition but still they managed to rise above the rest. The drought breakers of the 72nd Miss Universe.  Chile â€¢ Celeste Viel Caballero â€¢ Top 20 finisher Last placement wasXem thÃªm in 2004 (19 years, Top 15)  El Salvador â€¢ Isabella Garcia Manzo â€¢ Top 10 finisher Last placement was in 1996 (27 years, Top 10)  Namibia â€¢ Jammela Urias â€¢ Top 20 finisher Last placement was in 2003 (20 years, Top 10          credits to the owner"
875142550723620,"FAVORITAS DE PRINCIPIO A FIN, ANTES DE GANAR EL TÃTULO UNIVERSAL:
1. LA MÃXIMA DE MÃXIMAS Andrea Meza por tener 2 tÃ­tulos de Miss Universe 2020 y Miss World AmÃ©ricas 2017

2. Catriona Gray - Miss Universe 2018 yXem thÃªm Top 5 de Miss World 2016.

3. Sheynnis Palacios - Miss Universe 2023 y top 40 de Miss World 2021. Sigo feliz por Nicaragua con su primera corona Grand Slam ğŸ¥°","FAVORITAS DE PRINCIPIO A FIN, ANTES DE GANAR EL TÃTULO UNIVERSAL: 1. LA MÃXIMA DE MÃXIMAS Andrea Meza por tener 2 tÃ­tulos de Miss Universe 2020 y Miss World AmÃ©ricas 2017  2. Catriona Gray - Miss Universe 2018 yXem thÃªm Top 5 de Miss World 2016.  3. Sheynnis Palacios - Miss Universe 2023 y top 40 de Miss World 2021. Sigo feliz por Nicaragua con su primera corona Grand Slam ğŸ¥°"
875141117390430,"The Gala Party ğŸ‘‘âœ¨ï¸ l Miss Universe 2023

#MissUniverse
#BeautifullyConfident
#MUO
#72ndMissUniverse
#HelloUniverse
#JKN18
#JKNGlobalGroup
#HelloUniverseXem thÃªm
#ElSalvador
#MissUniverse2023
#Nicaragua
#Mexico
#MU2023",The Gala Party  l Miss Universe 2023          thÃªm     
874853830752492,"CONGRATULATIONS, MMD! ğŸ’›

JUST IN: Michelle Dee wins the ""Best National Costume"" award at Miss Universe 2023.

The pageant organization on Friday announces the Philippines' bet has received the most votes in the Choicely app for Best National Costume","CONGRATULATIONS, MMD!   JUST IN: Michelle Dee wins the ""Best National Costume"" award at Miss Universe 2023.  The pageant organization on Friday announces the Philippines' bet has received the most votes in the Choicely app for Best National Costume"
874479680789907,"The Gala Party ğŸ‘‘âœ¨ï¸ l Miss Universe 2023

#MissUniverse
#BeautifullyConfident
#MUO
#72ndMissUniverse
#HelloUniverse
#JKN18
#JKNGlobalGroup
#HelloUniverseXem thÃªm
#ElSalvador
#MissUniverse2023
#Nicaragua
#Mexico
#MU2023",The Gala Party  l Miss Universe 2023          thÃªm     
873584720879403,"Our stunning Beauty Queens on tour as they explore the breathtaking Soumaya Museum.

Stay fresh all day like our queens with Miss Universe Skincare âœ¨

Shop your favorite Miss Universe Skincare products, now available at www.missuniverseskincare.com

#MissUniverseSkincareandSpa
#MissUniverseSkincare
#72ndMISSUNIVERSE
#MissUniverse","Our stunning Beauty Queens on tour as they explore the breathtaking Soumaya Museum.  Stay fresh all day like our queens with Miss Universe Skincare   Shop your favorite Miss Universe Skincare products, now available at      "
873410477563494,"ğ’ğ“ğˆğ‹ğ‹, ğğ”ğ„ğ„ğğ’ | Their fate may not be written in the stars but they are still winners in their own right.

Three Asian beauties who won the hearts of many â¤ï¸

Miss Supranational 2023 1st Runner up
PaulineXem thÃªm Cucharo Amelinckx â€¢ Philippines ğŸ‡µğŸ‡­

Miss Grand International 2023 1st Runner up
Ni Ni Lin Eain â€¢ Myanmar ğŸ‡²ğŸ‡²

Miss Universe 2023 1st Runner up
Anntonia Porsild â€¢ Thailand ğŸ‡¹ğŸ‡­

#PageantryNewsInternational
#MissUniverse
#MissSupranational
#MissGrandInternational
ğŸ“¸ ctto","ğ’ğ“ğˆğ‹ğ‹, ğğ”ğ„ğ„ğğ’ | Their fate may not be written in the stars but they are still winners in their own right.  Three Asian beauties who won the hearts of many   Miss Supranational 2023 1st Runner up PaulineXem thÃªm Cucharo Amelinckx â€¢ Philippines   Miss Grand International 2023 1st Runner up Ni Ni Lin Eain â€¢ Myanmar ğŸ‡²ğŸ‡²  Miss Universe 2023 1st Runner up Anntonia Porsild â€¢ Thailand        ctto"
873199474251261,"Interview of K. Anne & Mr. Raul Rocha with 6 Queens being Present. ğŸ‘‘

#MissUniverse
#BeautifullyConfident
#MUO
#72ndMissUniverse
#HelloUniverse
#JKN18
#JKNGlobalGroup
#HelloUniverse
#ElSalvador
#Mexico",Interview of K. Anne & Mr. Raul Rocha with 6 Queens being Present.            
873189157585626,"ğ‹ğğğŠ | Successful crossover beauties from Miss World to Miss Universe from 2009 to 2023.

3 Miss Universe winners
3 1st runner up placements

They were NEVER denied, only REDIRECTED. ğŸ‘‘ğŸ’«

#PageantryNewsInternational
#TPPNetwork
#MissUniverse
#BeautifullyConfident
#MissWorld
#BeautyWithAPurpose
#HelloUniverse
ğŸ“¸ ctto","ğ‹ğğğŠ | Successful crossover beauties from Miss World to Miss Universe from 2009 to 2023.  3 Miss Universe winners 3 1st runner up placements  They were NEVER denied, only REDIRECTED. ğŸ’«          ctto"
872906370947238,,
872773247627217,"ğ‡ğˆğ’ğ“ğğ‘ğ˜ ğŒğ€ğŠğ„ğ‘ğ’ | Miss Universeâ€™s firsts. In 1977, Janelle â€œPennyâ€ Commissiong was the first woman of color and the first woman from Trinidad & Tobago to be crowned Miss Universe. She was part of the selectionXem thÃªm committee of the 72nd Miss Universe Competition.

Sheynnis Palacios Cornejo is the first woman from Nicaragua who bagged the most coveted crown yesterday, November 18, 2023 in El Salvador. It took them almost 5 decades to win their first Miss Universe crown and first among the recognised â€œbig 4â€œ alpha beauty pageants in the world.

They are both from different generations and the legacy of Miss Universe continues.

#PageantryNewsInternational
#TPPNetwork
#72ndMissUniverse
#BeautifullyConfident
#HelloUniverse
ğŸ“¸ ctto","ğ‡ğˆğ’ğ“ğğ‘ğ˜ ğŒğ€ğŠğ„ğ‘ğ’ | Miss Universeâ€™s firsts. In 1977, Janelle â€œPennyâ€ Commissiong was the first woman of color and the first woman from Trinidad & Tobago to be crowned Miss Universe. She was part of the selectionXem thÃªm committee of the 72nd Miss Universe Competition.  Sheynnis Palacios Cornejo is the first woman from Nicaragua who bagged the most coveted crown yesterday, November 18, 2023 in El Salvador. It took them almost 5 decades to win their first Miss Universe crown and first among the recognised â€œbig 4â€œ alpha beauty pageants in the world.  They are both from different generations and the legacy of Miss Universe continues.        ctto"
872638057640736,"ğ‡ğğ‹ğ€ ğ”ğğˆğ•ğ„ğ‘ğ’ğ! | Itâ€™s her first day as the new Miss Universe. How many hearts for our Nicaraguan queen Sheynnis Palacios Cornejo?

#PageantryNewsInternational
#TPPNetwork
#72ndMissUniverse
#BeautifullyConfident
#HelloUniverse
#SheynnisPalacios
#Nicaragua
ğŸ“¸ ctto",ğ‡ğğ‹ğ€ ğ”ğğˆğ•ğ„ğ‘ğ’ğ! | Itâ€™s her first day as the new Miss Universe. How many hearts for our Nicaraguan queen Sheynnis Palacios Cornejo?          ctto
872389737665568,"One of the notable favorites during the Evening Gown competition at the 72nd Miss Universe was Michelle Dee from the Philippines ğŸ‡µğŸ‡­. She proudly represented ""Filipinas"" with her Apo Whang Od-inspired eveningXem thÃªm gown, showcasing creativity and cultural pride at the 2023 Miss Universe pageant's coronation night in El Salvador. Unfortunately, she did not make it into the Top 5, which is indeed disheartening. ğŸ‡µğŸ‡­ âœ¨
â€¢
#MissUniversePredictions #The72ndMissUniverse","One of the notable favorites during the Evening Gown competition at the 72nd Miss Universe was Michelle Dee from the Philippines . She proudly represented ""Filipinas"" with her Apo Whang Od-inspired eveningXem thÃªm gown, showcasing creativity and cultural pride at the 2023 Miss Universe pageant's coronation night in El Salvador. Unfortunately, she did not make it into the Top 5, which is indeed disheartening.   â€¢  "
872337884337420,"MISS UNIVERSE 2022 and 2023âœ¨ ğŸ‘‘ l USA ğŸ‡ºğŸ‡¸ and NICARAGUA ğŸ‡³ğŸ‡®
â€¢
#MissUniversePredictions #72ndMissUniverse",MISS UNIVERSE 2022 and 2023  l USA ğŸ‡ºğŸ‡¸ and NICARAGUA ğŸ‡³ğŸ‡® â€¢  
872172247687317,"Congratulations ğŸ‰ ğŸ‘‘ to the newly crowned Miss Universe 2023, Sheynnis Palacios from Nicaragua ğŸ‡³ğŸ‡®
â€¢
#MissUniversePredictions #72ndMissUniverse","Congratulations   to the newly crowned Miss Universe 2023, Sheynnis Palacios from Nicaragua ğŸ‡³ğŸ‡® â€¢  "
872152201022655,"We so proud of you ğŸ‘ğŸ» TOP 10! Congratulations, Miss Universe Philippines Michelle Marquez Dee. Thank you for waving our flag high! ğŸ‡µğŸ‡­

#72ndMissUniverse #MissUniversePhilippines #michellemarquezdee","We so proud of you  TOP 10! Congratulations, Miss Universe Philippines Michelle Marquez Dee. Thank you for waving our flag high!     "
872150464356162,"MISS UNIVERSE 2023 CROWNING MOMENTâœ¨ ğŸ‘‘ l THAILAND ğŸ‡¹ğŸ‡­ and NICARAGUA ğŸ‡³ğŸ‡®
â€¢
#MissUniversePredictions #72ndMissUniverse",MISS UNIVERSE 2023 CROWNING MOMENT  l THAILAND  and NICARAGUA ğŸ‡³ğŸ‡® â€¢  
872137424357466,"MISS UNIVERSE 2015-2023 âœ¨ ğŸ‘‘
â€¢
#MissUniversePredictions #72ndMissUniverse",MISS UNIVERSE 2015-2023   â€¢  
872122867692255,"Congratulations to Antonia Porsild for achieving the 1st Runner-Up position in Miss Universe 2023. She did an outstanding job and has made Thailand ğŸ‡¹ğŸ‡­ proud, securing the highest place in Miss Universe historyXem thÃªm since 1988. While the third crown is significant, it's equally important to recognize the love and admiration she has garnered from people worldwide. Antonia, you will always be a Miss Universe in our hearts. To Thai fans, don't be disheartened; your country will return to this stage and achieve success when the time is right and the conditions are favorable. âœ¨
â€¢
#MissUniversePredictions #The72ndMissUniverse","Congratulations to Antonia Porsild for achieving the 1st Runner-Up position in Miss Universe 2023. She did an outstanding job and has made Thailand  proud, securing the highest place in Miss Universe historyXem thÃªm since 1988. While the third crown is significant, it's equally important to recognize the love and admiration she has garnered from people worldwide. Antonia, you will always be a Miss Universe in our hearts. To Thai fans, don't be disheartened; your country will return to this stage and achieve success when the time is right and the conditions are favorable.  â€¢  "
872122501025625,"Congratulations ğŸ‰ ğŸ‘‘ Miss Universe 2023,
1st RU : Thailand ğŸ‡¹ğŸ‡­
â€¢
2 Asia, Philippines ğŸ‡µğŸ‡­ Thailand ğŸ‡¹ğŸ‡­ ï¿¼

#MissUniversePredictions #72ndMissUniverse","Congratulations   Miss Universe 2023, 1st RU : Thailand  â€¢ 2 Asia, Philippines  Thailand  ï¿¼   "
872116454359563,"Congratulations ğŸ‰ ğŸ‘‘ to the newly crowned Miss Universe 2023, Sheynnis Palacios from Nicaragua ğŸ‡³ğŸ‡®
â€¢
#MissUniversePredictions #72ndMissUniverse","Congratulations   to the newly crowned Miss Universe 2023, Sheynnis Palacios from Nicaragua ğŸ‡³ğŸ‡® â€¢  "
872114644359744,"Congratulations ğŸ‰ ğŸ‘‘ to the newly crowned Miss Universe 2023, Sheynnis Palacios from Nicaragua ğŸ‡³ğŸ‡®
â€¢
#MissUniversePredictions #72ndMissUniverse","Congratulations   to the newly crowned Miss Universe 2023, Sheynnis Palacios from Nicaragua ğŸ‡³ğŸ‡® â€¢  "
872113617693180,,
872112127693329,"Congratulations ğŸ‰ ğŸ‘‘ to the newly crowned Miss Universe 2023, Sheynnis Palacios from Nicaragua ğŸ‡³ğŸ‡®
â€¢
1st RU : Thailand ğŸ‡¹ğŸ‡­
2nd RU : Australia ğŸ‡¦ğŸ‡º
â€¢
#MissUniversePredictions #72ndMissUniverse","Congratulations   to the newly crowned Miss Universe 2023, Sheynnis Palacios from Nicaragua ğŸ‡³ğŸ‡® â€¢ 1st RU : Thailand  2nd RU : Australia ğŸ‡¦ğŸ‡º â€¢  "
872109081026967,"OFFICIAL RESULTS l MISS UNIVERSE 2023 âœ¨ Congratulations ğŸ‰ ğŸ‘‘
â€¢
Miss Universe 2023 : Nicaragua ğŸ‡³ğŸ‡®
1st RU : Thailand ğŸ‡¹ğŸ‡­
2nd RU : Australia ğŸ‡¦ğŸ‡º
â€¢
#MissUniversePredictions #72ndMissUniverse",OFFICIAL RESULTS l MISS UNIVERSE 2023  Congratulations   â€¢ Miss Universe 2023 : Nicaragua ğŸ‡³ğŸ‡® 1st RU : Thailand  2nd RU : Australia ğŸ‡¦ğŸ‡º â€¢  
872093904361818,"OFFICIAL TOP 3 l MISS UNIVERSE 2023 âœ¨
â€¢
1. Thailand ğŸ‡¹ğŸ‡­
3. Australia ğŸ‡¦ğŸ‡º
2. Nicaragua
â€¢
#MissUniversePredictions #72ndMissUniverse",OFFICIAL TOP 3 l MISS UNIVERSE 2023  â€¢ 1. Thailand  3. Australia ğŸ‡¦ğŸ‡º 2. Nicaragua â€¢  
872088404362368,"OFFICIAL TOP 5 l MISS UNIVERSE 2023 âœ¨
â€¢
1. Australia ğŸ‡¦ğŸ‡º
2. Puerto Rico ğŸ‡µğŸ‡·
3. Nicaragua ğŸ‡³ğŸ‡®
4. Thailand ğŸ‡¹ğŸ‡­
5. Colombia ğŸ‡¨ğŸ‡´
â€¢
#MissUniversePredictions #72ndMissUniverse",OFFICIAL TOP 5 l MISS UNIVERSE 2023  â€¢ 1. Australia ğŸ‡¦ğŸ‡º 2. Puerto Rico ğŸ‡µğŸ‡· 3. Nicaragua ğŸ‡³ğŸ‡® 4. Thailand  5. Colombia ğŸ‡¨ğŸ‡´ â€¢  
872086874362521,"OFFICIAL TOP 5 l MISS UNIVERSE 2023 âœ¨
â€¢
1. Australia ğŸ‡¦ğŸ‡º
2. Puerto Rico ğŸ‡µğŸ‡·
3. Nicaragua ğŸ‡³ğŸ‡®
4. Thailand ğŸ‡¹ğŸ‡­
5. Colombia ğŸ‡¨ğŸ‡´
â€¢
#MissUniversePredictions #72ndMissUniverse",OFFICIAL TOP 5 l MISS UNIVERSE 2023  â€¢ 1. Australia ğŸ‡¦ğŸ‡º 2. Puerto Rico ğŸ‡µğŸ‡· 3. Nicaragua ğŸ‡³ğŸ‡® 4. Thailand  5. Colombia ğŸ‡¨ğŸ‡´ â€¢  
872074901030385,"OFFICIAL TOP 10 l MISS UNIVERSE 2023 âœ¨
â€¢
1. Puerto Rico ğŸ‡µğŸ‡·
2. Thailand ğŸ‡¹ğŸ‡­
3. Peru ğŸ‡µğŸ‡ª
4. Colombia ğŸ‡¨ğŸ‡´
5. Nicaragua ğŸ‡³ğŸ‡®
6. Philippines ğŸ‡µğŸ‡­
7. El Salvador ğŸ‡¸ğŸ‡»
8. Venezuela ğŸ‡»ğŸ‡ª Xem thÃªm
9. Australia ğŸ‡¦ğŸ‡º
10. Spain ğŸ‡ªğŸ‡¸
â€¢
#MissUniversePredictions #72ndMissUniverse",OFFICIAL TOP 10 l MISS UNIVERSE 2023  â€¢ 1. Puerto Rico ğŸ‡µğŸ‡· 2. Thailand  3. Peru ğŸ‡µğŸ‡ª 4. Colombia ğŸ‡¨ğŸ‡´ 5. Nicaragua ğŸ‡³ğŸ‡® 6. Philippines  7. El Salvador ğŸ‡¸ğŸ‡» 8. Venezuela ğŸ‡»ğŸ‡ª Xem thÃªm 9. Australia ğŸ‡¦ğŸ‡º 10. Spain ğŸ‡ªğŸ‡¸ â€¢  
872061921031683,âœ…,âœ…
872059941031881,âœ…,âœ…
872059881031887,"Namibia ğŸ‡³ğŸ‡¦âœ…
Chile ğŸ‡¨ğŸ‡±âœ…
Pakistan ğŸ‡µğŸ‡°âœ…",Namibia ğŸ‡³ğŸ‡¦âœ… Chile ğŸ‡¨ğŸ‡±âœ… Pakistan ğŸ‡µğŸ‡°âœ…
872056371032238,"OFFICIAL TOP 20 l MISS UNIVERSE 2023 âœ¨
â€¢
1. Nicaragua ğŸ‡³ğŸ‡®
2. Spain ğŸ‡ªğŸ‡¸
3. Puerto Rico ğŸ‡µğŸ‡·
4. Namibia ğŸ‡³ğŸ‡¦
5. Venezuela ğŸ‡»ğŸ‡ª
6. India ğŸ‡®ğŸ‡³
7. Thailand ğŸ‡¹ğŸ‡­
8. Chile ğŸ‡¨ğŸ‡± Xem thÃªm
9. Jamaica ğŸ‡¯ğŸ‡²
10. USA ğŸ‡ºğŸ‡¸
11. Nepal ğŸ‡³ğŸ‡µ
12. Peru ğŸ‡µğŸ‡ª
13. Cameroon ğŸ‡¨ğŸ‡²
14. Colombia ğŸ‡¨ğŸ‡´
15. Pakistan ğŸ‡µğŸ‡°
16. Australia ğŸ‡¦ğŸ‡º
17. Philippines ğŸ‡µğŸ‡­
18. Portugal ğŸ‡µğŸ‡¹
19. South Africa ğŸ‡¿ğŸ‡¦
20. El Salvador ğŸ‡¸ğŸ‡»
â€¢
#MissUniversePredictions #72thMissUniverse",OFFICIAL TOP 20 l MISS UNIVERSE 2023  â€¢ 1. Nicaragua ğŸ‡³ğŸ‡® 2. Spain ğŸ‡ªğŸ‡¸ 3. Puerto Rico ğŸ‡µğŸ‡· 4. Namibia ğŸ‡³ğŸ‡¦ 5. Venezuela ğŸ‡»ğŸ‡ª 6. India ğŸ‡®ğŸ‡³ 7. Thailand  8. Chile ğŸ‡¨ğŸ‡± Xem thÃªm 9. Jamaica ğŸ‡¯ğŸ‡² 10. USA ğŸ‡ºğŸ‡¸ 11. Nepal ğŸ‡³ğŸ‡µ 12. Peru ğŸ‡µğŸ‡ª 13. Cameroon ğŸ‡¨ğŸ‡² 14. Colombia ğŸ‡¨ğŸ‡´ 15. Pakistan ğŸ‡µğŸ‡° 16. Australia ğŸ‡¦ğŸ‡º 17. Philippines  18. Portugal ğŸ‡µğŸ‡¹ 19. South Africa ğŸ‡¿ğŸ‡¦ 20. El Salvador ğŸ‡¸ğŸ‡» â€¢  
871912597713282,"THE FINAL PREDICTION l MISS UNIVERSE 2023ğŸ”¥ by Missologiapremium
â€¢
1. NICARAGUA ğŸ‡³ğŸ‡®
2. THAILAND ğŸ‡¹ğŸ‡­
3. VENEZUELA ğŸ‡»ğŸ‡ª
4. PUERTO RICO ğŸ‡µğŸ‡·
5. AUSTRALIA ğŸ‡¦ğŸ‡º
â€¢
#MissUniversePredictions #72thMissUniverse",THE FINAL PREDICTION l MISS UNIVERSE 2023 by Missologiapremium â€¢ 1. NICARAGUA ğŸ‡³ğŸ‡® 2. THAILAND  3. VENEZUELA ğŸ‡»ğŸ‡ª 4. PUERTO RICO ğŸ‡µğŸ‡· 5. AUSTRALIA ğŸ‡¦ğŸ‡º â€¢  
871872161050659,"8 H TO GO l OUR MUP PEOPLE'S CHOICE WINNER ğŸ¥‡ : MYANMAR ğŸ‡²ğŸ‡² ğŸ”¥
â€¢
#MissUniversePredictions #The72ndMissUniverse",8 H TO GO l OUR MUP PEOPLE'S CHOICE WINNER ğŸ¥‡ : MYANMAR ğŸ‡²ğŸ‡²  â€¢  
871867811051094,"THE FINAL PREDICTION l MISS UNIVERSE 2023ğŸ”¥ by BDUNIVERSAL
â€¢
1. PHILIPPINES ğŸ‡µğŸ‡­
2. SOUTH AFRICA ğŸ‡¿ğŸ‡¦
3. NICARAGUA ğŸ‡³ğŸ‡®
4. THAILAND ğŸ‡¹ğŸ‡­
5. PUERTO RICO ğŸ‡µğŸ‡·
â€¢
#MissUniversePredictions #72thMissUniverse",THE FINAL PREDICTION l MISS UNIVERSE 2023 by BDUNIVERSAL â€¢ 1. PHILIPPINES  2. SOUTH AFRICA ğŸ‡¿ğŸ‡¦ 3. NICARAGUA ğŸ‡³ğŸ‡® 4. THAILAND  5. PUERTO RICO ğŸ‡µğŸ‡· â€¢  
871862887718253,"DARK HORSE l MISS UNIVERSE 2023ğŸ”¥ by #MissUniversePredictions l CAMEROON ğŸ‡¨ğŸ‡²
â€¢
#MissUniversePredictions #72thMissUniverse",DARK HORSE l MISS UNIVERSE 2023 by  l CAMEROON ğŸ‡¨ğŸ‡² â€¢  
871858217718720,"WHO WILL BE THE NEXT MISS UNIVERSE 2023 âœ¨ğŸ‘‘
â€¢
#MissUniversePredictions #72thMissUniverse",WHO WILL BE THE NEXT MISS UNIVERSE 2023  â€¢  
871850477719494,"France ğŸ‡«ğŸ‡· was considered a frontrunner before the competition began. However, after the preliminary rounds, I was surprised to see that she did not perform well in both the swimsuit and evening gown segments. As a result, I have removed her from my predictions.
â€¢
#MissUniversePredictions #The72ndMissUniverse","France ğŸ‡«ğŸ‡· was considered a frontrunner before the competition began. However, after the preliminary rounds, I was surprised to see that she did not perform well in both the swimsuit and evening gown segments. As a result, I have removed her from my predictions. â€¢  "
871828591055016,"I was delighted to see Laos ğŸ‡±ğŸ‡¦ , represented by Payengxa Lor, make it to the cut in the Miss Universe Competition, considering the challenges for a relatively new entrant since 2017. I recognize the difficultyXem thÃªm for a newcomer in such a major competition. In 2023, she performed exceptionally well in both the swimsuit and evening gown segments. However, to be honest, I believe there could be room for improvement, particularly in the choice of gown. Wishing her the best of luck in the competition. âœ¨
â€¢
#MissUniversePredictions #The72ndMissUniverse","I was delighted to see Laos  , represented by Payengxa Lor, make it to the cut in the Miss Universe Competition, considering the challenges for a relatively new entrant since 2017. I recognize the difficultyXem thÃªm for a newcomer in such a major competition. In 2023, she performed exceptionally well in both the swimsuit and evening gown segments. However, to be honest, I believe there could be room for improvement, particularly in the choice of gown. Wishing her the best of luck in the competition.  â€¢  "
871820327722509,"In 2016, Thailand ğŸ‡¹ğŸ‡­ secured a spot in the TOP 6, gaining recognition, especially among Filipino fans. Unfortunately, the contestant faced challenges delivering a clear answer that night. Subsequently, in 2017Xem thÃªm and 2019, Thailand fielded strong contenders for the Miss Universe crown, both reaching the TOP 5 but encountering difficulties in the Q&A segment. In 2021 and 2022, the representatives faced setbacks in stage performance and English communication skills.
â€¢
There seems to be an imbalance in various aspects for each candidate. Miss Universe looks for women who can articulate and serve as role models for women worldwide. This year, Antonia Porsild possesses the qualities that Miss Universe seeks. However, success may also hinge on her performance in the Q&A round. Here's hoping that she can bring home the 3rd crown for Thailand. ğŸ‘‘ âœ¨
â€¢
#MissUniversePredictions #The72ndMissUniverse","In 2016, Thailand  secured a spot in the TOP 6, gaining recognition, especially among Filipino fans. Unfortunately, the contestant faced challenges delivering a clear answer that night. Subsequently, in 2017Xem thÃªm and 2019, Thailand fielded strong contenders for the Miss Universe crown, both reaching the TOP 5 but encountering difficulties in the Q&A segment. In 2021 and 2022, the representatives faced setbacks in stage performance and English communication skills. â€¢ There seems to be an imbalance in various aspects for each candidate. Miss Universe looks for women who can articulate and serve as role models for women worldwide. This year, Antonia Porsild possesses the qualities that Miss Universe seeks. However, success may also hinge on her performance in the Q&A round. Here's hoping that she can bring home the 3rd crown for Thailand.   â€¢  "
871769114394297,"OUR MUP PEOPLE'S CHOICE WINNER ğŸ¥‡ : MYANMAR ğŸ‡²ğŸ‡² ğŸ”¥
â€¢
#MissUniversePredictions #The72ndMissUniverse",OUR MUP PEOPLE'S CHOICE WINNER ğŸ¥‡ : MYANMAR ğŸ‡²ğŸ‡²  â€¢  
871760111061864,"THE FINAL PREDICTION l MISS UNIVERSE 2023ğŸ”¥ by GalaxyQueen
â€¢
1. THAILAND ğŸ‡¹ğŸ‡­
2. NICARAGUA ğŸ‡³ğŸ‡®
3. PUERTO RICO ğŸ‡µğŸ‡·
4. SOUTH AFRICA ğŸ‡¿ğŸ‡¦
5. FRANCE ğŸ‡«ğŸ‡·
â€¢
#MissUniversePredictions #72thMissUniverse",THE FINAL PREDICTION l MISS UNIVERSE 2023 by GalaxyQueen â€¢ 1. THAILAND  2. NICARAGUA ğŸ‡³ğŸ‡® 3. PUERTO RICO ğŸ‡µğŸ‡· 4. SOUTH AFRICA ğŸ‡¿ğŸ‡¦ 5. FRANCE ğŸ‡«ğŸ‡· â€¢  
871737394397469,"THE FINAL PREDICTION l MISS UNIVERSE 2023ğŸ”¥ by International poll
â€¢
1. THAILAND ğŸ‡¹ğŸ‡­
2. PUERTO RICO ğŸ‡µğŸ‡·
3. NICARAGUA ğŸ‡³ğŸ‡®
4. SOUTH AFRICA ğŸ‡¿ğŸ‡¦
5. MEXICO ğŸ‡²ğŸ‡½
â€¢
#MissUniversePredictions #72thMissUnivese",THE FINAL PREDICTION l MISS UNIVERSE 2023 by International poll â€¢ 1. THAILAND  2. PUERTO RICO ğŸ‡µğŸ‡· 3. NICARAGUA ğŸ‡³ğŸ‡® 4. SOUTH AFRICA ğŸ‡¿ğŸ‡¦ 5. MEXICO ğŸ‡²ğŸ‡½ â€¢  
871708811066994,"THE FINAL PREDICTION l MISS UNIVERSE 2023ğŸ”¥ by photoshopsgeantry
â€¢
1. PHILIPPINES ğŸ‡µğŸ‡­
3. THAILAND ğŸ‡¹ğŸ‡­
3. NICARAGUA ğŸ‡³ğŸ‡®
3. PUERTO RICO ğŸ‡µğŸ‡·
5. VENEZUELA ğŸ‡»ğŸ‡ª
â€¢
#MissUniversePredictions #72thMissUniverse",THE FINAL PREDICTION l MISS UNIVERSE 2023 by photoshopsgeantry â€¢ 1. PHILIPPINES  3. THAILAND  3. NICARAGUA ğŸ‡³ğŸ‡® 3. PUERTO RICO ğŸ‡µğŸ‡· 5. VENEZUELA ğŸ‡»ğŸ‡ª â€¢  
871682397736302,"MISS UNIVERSE 2023 l PRELIMINARY COMPETITION lğŸ”¥ Who will bring home the crown ğŸ‘‘ ?
â€¢
#MissUniversePredictions #72thMissUniverse",MISS UNIVERSE 2023 l PRELIMINARY COMPETITION l Who will bring home the crown  ? â€¢  
871659417738600,"In 2020, South Africa ğŸ‡¿ğŸ‡¦ sent the 2nd Runner-Up of Miss South Africa to participate in Miss Universe. However, she didn't make the cut. It's unclear whether the Miss Universe Organization considers nationalXem thÃªm pageant winners as a prerequisite for participation. If so, it raises questions about why Natasha Joubert didn't enter the Top 20. Nevertheless, South Africa has now sent its 1st Runner-Up to compete in Miss Universe again. Let's wait and see what the outcome will be. Bryoni Govender has displayed a fantastic stage performance, making it uncertain what the final result will be.
â€¢
#MissUniversePredictions #72thMissUniverse","In 2020, South Africa ğŸ‡¿ğŸ‡¦ sent the 2nd Runner-Up of Miss South Africa to participate in Miss Universe. However, she didn't make the cut. It's unclear whether the Miss Universe Organization considers nationalXem thÃªm pageant winners as a prerequisite for participation. If so, it raises questions about why Natasha Joubert didn't enter the Top 20. Nevertheless, South Africa has now sent its 1st Runner-Up to compete in Miss Universe again. Let's wait and see what the outcome will be. Bryoni Govender has displayed a fantastic stage performance, making it uncertain what the final result will be. â€¢  "
871644534406755,"THE FINAL PREDICTION l MISS UNIVERSE 2023ğŸ”¥ by Sash Factor
â€¢
1. THAILAND ğŸ‡¹ğŸ‡­
2. NICARAGUA ğŸ‡³ğŸ‡®
3. PHILIPPINES ğŸ‡µğŸ‡­
4. VENEZUELA ğŸ‡»ğŸ‡ª
5. EL SALVADOR ğŸ‡¸ğŸ‡»
â€¢
#MissUniversePredictions #72thMissUniverse",THE FINAL PREDICTION l MISS UNIVERSE 2023 by Sash Factor â€¢ 1. THAILAND  2. NICARAGUA ğŸ‡³ğŸ‡® 3. PHILIPPINES  4. VENEZUELA ğŸ‡»ğŸ‡ª 5. EL SALVADOR ğŸ‡¸ğŸ‡» â€¢  
871604031077472,"MISS UNIVERSE 2023 l PRELIMINARY COMPETITION lğŸ”¥ Who will bring home the crown ğŸ‘‘ ?
â€¢
#MissUniversePredictions #72thMissUniverse",MISS UNIVERSE 2023 l PRELIMINARY COMPETITION l Who will bring home the crown  ? â€¢  
871554974415711,"ğˆğ ğğ‡ğğ“ğğ’ | The most crucial segment of the competition. Itâ€™s a battle of wit & intelligence, personality and charisma.

A 2-day closed-door interview was conducted by the Miss Universe Organisation lastXem thÃªm November 15th & 16th. A selection committee was assigned to facilitate the interview. Only 20 delegates will make the first cut out of 84.

#PageantryNewsInternational
#TPPNetwork
#72ndMissUniverse
#BeautifullyConfident
#HelloUniverse
ğŸ“¸ ctto","ğˆğ ğğ‡ğğ“ğğ’ | The most crucial segment of the competition. Itâ€™s a battle of wit & intelligence, personality and charisma.  A 2-day closed-door interview was conducted by the Miss Universe Organisation lastXem thÃªm November 15th & 16th. A selection committee was assigned to facilitate the interview. Only 20 delegates will make the first cut out of 84.        ctto"
871516524419556,"THE FINAL PREDICTION l MISS UNIVERSE 2023ğŸ”¥ by Nivelmiss
â€¢
1. PUERTO RICO ğŸ‡µğŸ‡·
2. THAILAND ğŸ‡¹ğŸ‡­
3. VENEZUELA ğŸ‡»ğŸ‡ª
4. BRAZIL ğŸ‡§ğŸ‡·
5. NICARAGUA ğŸ‡³ğŸ‡®
â€¢
#MissUniversePredictions #72thMissUniverse",THE FINAL PREDICTION l MISS UNIVERSE 2023 by Nivelmiss â€¢ 1. PUERTO RICO ğŸ‡µğŸ‡· 2. THAILAND  3. VENEZUELA ğŸ‡»ğŸ‡ª 4. BRAZIL ğŸ‡§ğŸ‡· 5. NICARAGUA ğŸ‡³ğŸ‡® â€¢  
871376397766902,"DARK HORSE l MISS UNIVERSE 2023ğŸ”¥ by #MissUniversePredictions l NAMIBIA ğŸ‡³ğŸ‡¦
â€¢
#MissUniversePredictions #72thMissUniverse",DARK HORSE l MISS UNIVERSE 2023 by  l NAMIBIA ğŸ‡³ğŸ‡¦ â€¢  
871374677767074,"DARK HORSE l MISS UNIVERSE 2023ğŸ”¥ by #MissUniversePredictions
â€¢
Namibia ğŸ‡³ğŸ‡¦
Pakistan ğŸ‡µğŸ‡°
Costa Rica ğŸ‡¨ğŸ‡·
Lebanon ğŸ‡±ğŸ‡§
Chile ğŸ‡¨ğŸ‡±
Ecuador ğŸ‡ªğŸ‡¨
â€¢
#MissUniversePredictions #72thMissUniverse",DARK HORSE l MISS UNIVERSE 2023 by  â€¢ Namibia ğŸ‡³ğŸ‡¦ Pakistan ğŸ‡µğŸ‡° Costa Rica ğŸ‡¨ğŸ‡· Lebanon ğŸ‡±ğŸ‡§ Chile ğŸ‡¨ğŸ‡± Ecuador ğŸ‡ªğŸ‡¨ â€¢  
871345564436652,"THE FINAL PREDICTION l MISS UNIVERSE 2023ğŸ”¥ by missuniversecolombia_
â€¢
1. PUERTO RICO ğŸ‡µğŸ‡·
2. THAILAND ğŸ‡¹ğŸ‡­
3. PHILIPPINES ğŸ‡µğŸ‡­
4. AUSTRALIA ğŸ‡¦ğŸ‡º
5. MEXICO ğŸ‡²ğŸ‡½
â€¢
#MissUniversePredictions #72thMissUniverse",THE FINAL PREDICTION l MISS UNIVERSE 2023 by missuniversecolombia_ â€¢ 1. PUERTO RICO ğŸ‡µğŸ‡· 2. THAILAND  3. PHILIPPINES  4. AUSTRALIA ğŸ‡¦ğŸ‡º 5. MEXICO ğŸ‡²ğŸ‡½ â€¢  
871329094438299,"In 2022, it was quite surprising that the Philippines ğŸ‡µğŸ‡­ did not make it to the final cut, especially considering their consistent presence in the semi-finals from 2010 to 2021. This year, we're hopeful thatXem thÃªm the representative from the Philippines can make a strong comeback. While she may not be perceived as a strong contender this time, the Philippines has a history of surprising us. Wishing her the best of luck.
â€¢
#MissUnivese #The72ndMissUniverse","In 2022, it was quite surprising that the Philippines  did not make it to the final cut, especially considering their consistent presence in the semi-finals from 2010 to 2021. This year, we're hopeful thatXem thÃªm the representative from the Philippines can make a strong comeback. While she may not be perceived as a strong contender this time, the Philippines has a history of surprising us. Wishing her the best of luck. â€¢  "
871323951105480,"Since 2020, Nicaragua ğŸ‡³ğŸ‡® has not managed to secure a spot in the finalists of the Miss Universe competition. However, this year, they have a highly accomplished candidate for the 72nd Miss Universe. It'sXem thÃªm important to highlight that Miss Universe is not only about stage performance; public speaking also plays a crucial role in determining the winner. Wishing her the best of luck, and I hope she excels in the final question round. ğŸ”¥
â€¢
#MissUnivese #The72ndMissUniverse","Since 2020, Nicaragua ğŸ‡³ğŸ‡® has not managed to secure a spot in the finalists of the Miss Universe competition. However, this year, they have a highly accomplished candidate for the 72nd Miss Universe. It'sXem thÃªm important to highlight that Miss Universe is not only about stage performance; public speaking also plays a crucial role in determining the winner. Wishing her the best of luck, and I hope she excels in the final question round.  â€¢  "
871303397774202,"If Not Now, Then When? l Anntonia Porsild l A STRONG CONTENDER FOR THE 72ND MISS UNIVERSE ğŸ”¥
â€¢
#MissUnivese #The72ndMissUniverse","If Not Now, Then When? l Anntonia Porsild l A STRONG CONTENDER FOR THE 72ND MISS UNIVERSE  â€¢  "
871259904445218,"TOP 20 FINAL PREDICTION l The 72nd Miss Universe l By #MissUniversePredictions ğŸ”¥
â€¢
Thailand has yet to secure the Miss Universe title since 1988, with only top 5 and top 6 placements in 2017 and 2016,Xem thÃªm respectively. This year, the odds are promising due to the strong representation of Antonia Porsild. With a standout delegate, Thailand has a significant opportunity to clinch the crown and achieve its 3rd victory.
â€¢
MISS UNIVERSE 2023 : THAILAND ğŸ‡¹ğŸ‡­
1ST RUN-UP : PUERTO RICO ğŸ‡µğŸ‡·
2ND RUN-UP : INDIA ğŸ‡®ğŸ‡³
3RD RUN-UP : NICARAGUA ğŸ‡³ğŸ‡®
4TH RUN-UP : VENEZUELA ğŸ‡»ğŸ‡ª

TOP 10 FINALISTS
6. South Africa ğŸ‡¿ğŸ‡¦
7. Colombia ğŸ‡¨ğŸ‡´
8. Philippines ğŸ‡µğŸ‡­
9. Dominican Republic ğŸ‡©ğŸ‡´
10. Mexico ğŸ‡²ğŸ‡½

TOP 20 BUDDING UP
Australia ğŸ‡¦ğŸ‡º
El Salvador ğŸ‡¸ğŸ‡»
USA ğŸ‡ºğŸ‡¸
Canada ğŸ‡¨ğŸ‡¦
Spain ğŸ‡ªğŸ‡¸
Honduras ğŸ‡­ğŸ‡³
Brazil ğŸ‡§ğŸ‡·
Laos ğŸ‡±ğŸ‡¦
Cameroon ğŸ‡¨ğŸ‡²
Myanmar ğŸ‡²ğŸ‡² (Vote)

Average Predicted by OUR Associates: Sharon (Philippines), Gabriel (Puerto Rico), Rose (Botswana), Mayera (India), Thein (Vietnam), Chalothorn (Thailand) & Alvin (USA)
#MissUniverse #MissUniversePredictions","TOP 20 FINAL PREDICTION l The 72nd Miss Universe l By   â€¢ Thailand has yet to secure the Miss Universe title since 1988, with only top 5 and top 6 placements in 2017 and 2016,Xem thÃªm respectively. This year, the odds are promising due to the strong representation of Antonia Porsild. With a standout delegate, Thailand has a significant opportunity to clinch the crown and achieve its 3rd victory. â€¢ MISS UNIVERSE 2023 : THAILAND  1ST RUN-UP : PUERTO RICO ğŸ‡µğŸ‡· 2ND RUN-UP : INDIA ğŸ‡®ğŸ‡³ 3RD RUN-UP : NICARAGUA ğŸ‡³ğŸ‡® 4TH RUN-UP : VENEZUELA ğŸ‡»ğŸ‡ª  TOP 10 FINALISTS 6. South Africa ğŸ‡¿ğŸ‡¦ 7. Colombia ğŸ‡¨ğŸ‡´ 8. Philippines  9. Dominican Republic ğŸ‡©ğŸ‡´ 10. Mexico ğŸ‡²ğŸ‡½  TOP 20 BUDDING UP Australia ğŸ‡¦ğŸ‡º El Salvador ğŸ‡¸ğŸ‡» USA ğŸ‡ºğŸ‡¸ Canada ğŸ‡¨ğŸ‡¦ Spain ğŸ‡ªğŸ‡¸ Honduras ğŸ‡­ğŸ‡³ Brazil ğŸ‡§ğŸ‡· Laos  Cameroon ğŸ‡¨ğŸ‡² Myanmar ğŸ‡²ğŸ‡² (Vote)  Average Predicted by OUR Associates: Sharon (Philippines), Gabriel (Puerto Rico), Rose (Botswana), Mayera (India), Thein (Vietnam), Chalothorn (Thailand) & Alvin (USA)  "
871161307788411,"National Costume â€¢ Miss Nicaragua ğŸ‡³ğŸ‡®

El #ZanateNica ha abierto sus alas ante el universo ğŸ‡³ğŸ‡®

Â¡Un espectÃ¡culo completo por el diseÃ±ador @jorgito_salazar! âœ¨

ğŸ“¸ @fotograma.ni

#MissNicaragua2023 #MissUniverse #72ndMissUniverse #NationalCostume

Trang phá»¥c dÃ¢n tá»™c â€¢ Hoa háº­u Nicaragua ğŸ‡³ğŸ‡®

#ZanateNica Ä‘Ã£ tung cÃ¡nh ra vÅ© trá»¥ ğŸ‡³ğŸ‡®

Má»™t buá»•i trÃ¬nh diá»…n Ä‘áº§y Ä‘á»§ bá»Ÿi nhÃ  thiáº¿t káº¿ @jorgito_salazar! âœ¨

ğŸ“¸ @fotograma. ni

#MissNicaragua2023 #MissUniverse #72ndMissUniverse #NationalCostume",National Costume â€¢ Miss Nicaragua ğŸ‡³ğŸ‡®  El  ha abierto sus alas ante el universo ğŸ‡³ğŸ‡®  Â¡Un espectÃ¡culo completo por el diseÃ±ador @jorgito_salazar!    @fotograma.ni       Trang phá»¥c dÃ¢n tá»™c â€¢ Hoa háº­u Nicaragua ğŸ‡³ğŸ‡®   Ä‘Ã£ tung cÃ¡nh ra vÅ© trá»¥ ğŸ‡³ğŸ‡®  Má»™t buá»•i trÃ¬nh diá»…n Ä‘áº§y Ä‘á»§ bá»Ÿi nhÃ  thiáº¿t káº¿ @jorgito_salazar!    @fotograma. ni     
871120071125868,"THE FINAL PREDICTION l MISS UNIVERSE 2023ğŸ”¥ by Missosology
â€¢
1. NICARAGUA ğŸ‡³ğŸ‡®
2. THAILAND ğŸ‡¹ğŸ‡­
3. PHILIPPINES ğŸ‡µğŸ‡­
4. PUERTO RICO ğŸ‡µğŸ‡·
5. SOUTH AFRICA ğŸ‡¿ğŸ‡¦
â€¢
#MissUniversePredictions #72thMissUniverse",THE FINAL PREDICTION l MISS UNIVERSE 2023 by Missosology â€¢ 1. NICARAGUA ğŸ‡³ğŸ‡® 2. THAILAND  3. PHILIPPINES  4. PUERTO RICO ğŸ‡µğŸ‡· 5. SOUTH AFRICA ğŸ‡¿ğŸ‡¦ â€¢  
871081111129764,"MISS UNIVERSE 2023 l NATIONAL COSTUME COMPETITION ğŸ”¥ l CAMBODIA ğŸ‡°ğŸ‡­
â€¢
#MissUniversePredictions #72thMissUniverse",MISS UNIVERSE 2023 l NATIONAL COSTUME COMPETITION  l CAMBODIA ğŸ‡°ğŸ‡­ â€¢  
871077974463411,"The ""Goddess of Ayothaya"" costume draws inspiration from the graven image, ""Phra Mae Thorani"", during the late Ayothaya Dynasties of Siamese Kingdom existed during 14th to 18th century.

""Phra Mae Thorani"", the goddess of Earth or the Mother Nature in Buddhist Mythology is highly revered and worshipped throughout the Thai history. â€œPhra Mae Thoraniâ€ is usually depicted as a beautiful deity twisting her long hair tail producing the holy water, which eventually nourishes humankind with the water abundance. As â€œThoraniâ€ means earth or land, it is believed that she resides in the land where she blesses humanity with fertility and abundance of nature. She symbolizes the significance of nature to human and embodies the protection of land and its richness of prosperity where Thai people hold dearly to their hearts.

The dressing and accessories were constructed to resemble the graven image from Ayothaya Kingdom. The jewelry combines wirework with the use of colored stones and precious gems to align with actual recorded geological data from the period.

And this is the pride of Nation, the symbol of richness in both culture and nature, the Goddess of Ayothaya.
.
.
Designer: @kamolrose
Makeup: @makeup_mario
Hair: @bank.soul.hair
Style director : @essboriwat
Video/Photography: @supasit.k @starthouse.official
Digital Art: @aomsin.jtt
.
SPECIAL THANKS
@puisankosik
@pookoop.kraiwat
@lachchanon_lastcost
@phuba_phubadin
@yoryiings
.
#HelloUniverse
#HelloUniverseChallenge
#72ndMissUniverse
#MissUniverseThailand2023
#TPNGLOBAL
#MissUniverseâœ¨ ğŸ‘‘","The ""Goddess of Ayothaya"" costume draws inspiration from the graven image, ""Phra Mae Thorani"", during the late Ayothaya Dynasties of Siamese Kingdom existed during 14th to 18th century.  ""Phra Mae Thorani"", the goddess of Earth or the Mother Nature in Buddhist Mythology is highly revered and worshipped throughout the Thai history. â€œPhra Mae Thoraniâ€ is usually depicted as a beautiful deity twisting her long hair tail producing the holy water, which eventually nourishes humankind with the water abundance. As â€œThoraniâ€ means earth or land, it is believed that she resides in the land where she blesses humanity with fertility and abundance of nature. She symbolizes the significance of nature to human and embodies the protection of land and its richness of prosperity where Thai people hold dearly to their hearts.  The dressing and accessories were constructed to resemble the graven image from Ayothaya Kingdom. The jewelry combines wirework with the use of colored stones and precious gems to align with actual recorded geological data from the period.  And this is the pride of Nation, the symbol of richness in both culture and nature, the Goddess of Ayothaya. . . Designer: @kamolrose Makeup: @makeup_mario Hair: @bank.soul.hair Style director : @essboriwat Video/Photography: @supasit.k @starthouse.official Digital Art: @aomsin.jtt . SPECIAL THANKS @puisankosik @pookoop.kraiwat @lachchanon_lastcost @phuba_phubadin @yoryiings .       "
871068531131022,"MISS UNIVERSE 2023 l PRELIMINARY COMPETITION l ASIA TEAMğŸ©±ğŸ”¥ Who will bring home the crown ğŸ‘‘ ?
â€¢
MYANMAR ğŸ‡²ğŸ‡²
PHILIPPINES ğŸ‡µğŸ‡­
THAILAND ğŸ‡¹ğŸ‡­
INDIA ğŸ‡®ğŸ‡³
LAOS ğŸ‡±ğŸ‡¦
CAMBODIA ğŸ‡°ğŸ‡­
â€¢
#MissUniversePredictions #72thMissUniverse",MISS UNIVERSE 2023 l PRELIMINARY COMPETITION l ASIA TEAMğŸ©± Who will bring home the crown  ? â€¢ MYANMAR ğŸ‡²ğŸ‡² PHILIPPINES  THAILAND  INDIA ğŸ‡®ğŸ‡³ LAOS  CAMBODIA ğŸ‡°ğŸ‡­ â€¢  
871038231134052,"MISS UNIVERSE 2023 l NATIONAL COSTUME COMPETITION ğŸ”¥
â€¢
#MissUniversePredictions #72thMissUniverse",MISS UNIVERSE 2023 l NATIONAL COSTUME COMPETITION  â€¢  
871032571134618,"MISS UNIVERSE 2023 l NATIONAL COSTUME FAVORITEğŸ”¥ El Salvador ğŸ‡¸ğŸ‡»
â€¢
#MissUniversePredictions #72thMissUniverse",MISS UNIVERSE 2023 l NATIONAL COSTUME FAVORITE El Salvador ğŸ‡¸ğŸ‡» â€¢  
871031527801389,"ğğ‘ğ„ğ€ğŠğˆğğ† ğğ„ğ–ğ’ | MUO President Paula Shugart bids goodbye to Miss Universe. She served the organisation for more than 2 decades.

Shugart made her formal announcement right after the national costume showcaseXem thÃªm held at Gimnasio Nacional JosÃ© Adolfo Pineda, San Salvador last November 16th.

#PageantryNewsInternational
#TPPNetwork
#72ndMissUniverse
#BeautifullyConfident
#HelloUniverse
ğŸ“¸ ctto","ğğ‘ğ„ğ€ğŠğˆğğ† ğğ„ğ–ğ’ | MUO President Paula Shugart bids goodbye to Miss Universe. She served the organisation for more than 2 decades.  Shugart made her formal announcement right after the national costume showcaseXem thÃªm held at Gimnasio Nacional JosÃ© Adolfo Pineda, San Salvador last November 16th.        ctto"
870834881154387,"MISS UNIVERSE 2023 l PRELIMINARY COMPETITION l SWIMSUIT ğŸ©±ğŸ”¥ by #MissUniversePredictions
â€¢
VENEZUELA ğŸ‡»ğŸ‡ª
PUERTO RICO ğŸ‡µğŸ‡·
NICARAGUA ğŸ‡³ğŸ‡®
SOUTH AFRICA ğŸ‡¿ğŸ‡¦
INDIA ğŸ‡®ğŸ‡³
â€¢
#MissUniversePredictions #72thMissUniverse",MISS UNIVERSE 2023 l PRELIMINARY COMPETITION l SWIMSUIT ğŸ©± by  â€¢ VENEZUELA ğŸ‡»ğŸ‡ª PUERTO RICO ğŸ‡µğŸ‡· NICARAGUA ğŸ‡³ğŸ‡® SOUTH AFRICA ğŸ‡¿ğŸ‡¦ INDIA ğŸ‡®ğŸ‡³ â€¢  
870822544488954,"ğ“ğ„ğ€ğŒ ğ’ğğ”ğ“ğ‡ğ„ğ€ğ’ğ“ ğ€ğ’ğˆğ€ ğŸ‡¹ğŸ‡­ğŸ‡°ğŸ‡­ğŸ‡»ğŸ‡³ğŸ‡µğŸ‡­ğŸ‡±ğŸ‡¦ğŸ‡®ğŸ‡©ğŸ‡²ğŸ‡¾ğŸ‡²ğŸ‡²ğŸ‡¸ğŸ‡¬

The force to reckon with. Southeast Asian beauties are getting stronger and better every year in Miss Universe. (insert Singapore)

Are you seeing the next queen in this group?

#PageantryNewsInternational
#TPPNetwork
#72ndMissUniverse
#BeautifullyConfident
#HelloUniverse
ğŸ“¸ ctto",ğ“ğ„ğ€ğŒ ğ’ğğ”ğ“ğ‡ğ„ğ€ğ’ğ“ ğ€ğ’ğˆğ€ ğŸ‡°ğŸ‡­ğŸ‡»ğŸ‡³ğŸ‡®ğŸ‡©ğŸ‡²ğŸ‡¾ğŸ‡²ğŸ‡²ğŸ‡¸ğŸ‡¬  The force to reckon with. Southeast Asian beauties are getting stronger and better every year in Miss Universe. (insert Singapore)  Are you seeing the next queen in this group?        ctto
870816327822909,"Miss Universe 2023 Preliminary Competition ğŸ”¥ l Latinas Team
â€¢
#72ndMISSUNIVERSE
#MissUniverse2023 #MissUniversePredictions",Miss Universe 2023 Preliminary Competition  l Latinas Team â€¢   
870813831156492,"TOP 25 l Miss Universe 2023 Preliminary Competition l Evening gown ğŸ‘‘âœ¨ğŸ”¥ by pageantology
â€¢
Puerto Rico ğŸ‡µğŸ‡·
Nicaragua ğŸ‡³ğŸ‡®
Venezuela ğŸ‡»ğŸ‡ª
Thailand ğŸ‡¹ğŸ‡­
Mexico ğŸ‡²ğŸ‡½
â€¢
#MU2023 #MissUniversePredictions",TOP 25 l Miss Universe 2023 Preliminary Competition l Evening gown  by pageantology â€¢ Puerto Rico ğŸ‡µğŸ‡· Nicaragua ğŸ‡³ğŸ‡® Venezuela ğŸ‡»ğŸ‡ª Thailand  Mexico ğŸ‡²ğŸ‡½ â€¢  
870671921170683,"Miss Universe 2023 Preliminary Competition ğŸ”¥ l Who is your bet for the crown ğŸ‘‘ ?
â€¢
Philippines ğŸ‡µğŸ‡­
Myanmar ğŸ‡²ğŸ‡²
Thailand ğŸ‡¹ğŸ‡­
â€¢
#72ndMISSUNIVERSE
#MissUniverse2023",Miss Universe 2023 Preliminary Competition  l Who is your bet for the crown  ? â€¢ Philippines  Myanmar ğŸ‡²ğŸ‡² Thailand  â€¢  
870667767837765,"Miss Universe 2023 Preliminary Competition ğŸ”¥
â€¢
Thailand ğŸ‡¹ğŸ‡­
Lebanon ğŸ‡±ğŸ‡§
Ecuador ğŸ‡ªğŸ‡¨
Colombia ğŸ‡¨ğŸ‡´
â€¢
#72ndMISSUNIVERSE
#MissUniverse2023",Miss Universe 2023 Preliminary Competition  â€¢ Thailand  Lebanon ğŸ‡±ğŸ‡§ Ecuador ğŸ‡ªğŸ‡¨ Colombia ğŸ‡¨ğŸ‡´ â€¢  
870623004508908,Do you agree with this list of Miss Universe 2023 Best in Swimsuit,Do you agree with this list of Miss Universe 2023 Best in Swimsuit
870585967845945,"TOP 12 l Miss Universe 2023 Preliminary Competition ğŸ‘‘âœ¨ğŸ”¥ by vieplacment
â€¢
Venezuela ğŸ‡»ğŸ‡ª
Nicaragua ğŸ‡³ğŸ‡®
Mexico ğŸ‡²ğŸ‡½
Puerto Rico ğŸ‡µğŸ‡·
El Salvador ğŸ‡¸ğŸ‡»
â€¢
#MU2023 #MissUniversePredictions",TOP 12 l Miss Universe 2023 Preliminary Competition  by vieplacment â€¢ Venezuela ğŸ‡»ğŸ‡ª Nicaragua ğŸ‡³ğŸ‡® Mexico ğŸ‡²ğŸ‡½ Puerto Rico ğŸ‡µğŸ‡· El Salvador ğŸ‡¸ğŸ‡» â€¢  
870579081179967,"Miss Universe 2023 Preliminary Competition l Nicaragua ğŸ‡³ğŸ‡®
â€¢
#72ndMISSUNIVERSE
#MissUniverse2023",Miss Universe 2023 Preliminary Competition l Nicaragua ğŸ‡³ğŸ‡® â€¢  
870574171180458,"Miss Universe 2023 Preliminary Competition l Swimsuit ğŸ©± ğŸ”¥
â€¢
#72ndMISSUNIVERSE
#MissUniverse2023",Miss Universe 2023 Preliminary Competition l Swimsuit ğŸ©±  â€¢  
870568517847690,"Miss Universe 2023 Preliminary Competition l Swimsuit ğŸ©± ğŸ”¥
â€¢
#72ndMISSUNIVERSE
#MissUniverse2023",Miss Universe 2023 Preliminary Competition l Swimsuit ğŸ©±  â€¢  
870556921182183,"Miss Universe 2023 Preliminary Competition l Thailand ğŸ‡¹ğŸ‡­
â€¢
#72ndMISSUNIVERSE
#MissUniverse2023",Miss Universe 2023 Preliminary Competition l Thailand  â€¢  
870545344516674,"OUR MUP PEOPLE'S CHOICE LEADER : MYANMAR ğŸ‡²ğŸ‡²
â€¢
Step 1 : Like Our Fanpage : https://www.facebook.com/MissUniversePredictions
Step 2 : Vote for your favorite candidates.
â€¢
VOTE FOR MISS UNIVERSE 2023, MUP PEOPLE'Xem thÃªmS CHOICE : https://www.facebook.com/media/set/?vanity=MissUniversePredictions&set=a.867524994818709&locale=ms_MY

CONTEST END IN NOV 16th, 2023, 6.00 PM., San Salvador, El Salvador ğŸ‡¸ğŸ‡»","OUR MUP PEOPLE'S CHOICE LEADER : MYANMAR ğŸ‡²ğŸ‡² â€¢ Step 1 : Like Our Fanpage :  Step 2 : Vote for your favorite candidates. â€¢ VOTE FOR MISS UNIVERSE 2023, MUP PEOPLE'Xem thÃªmS CHOICE :   CONTEST END IN NOV 16th, 2023, 6.00 PM., San Salvador, El Salvador ğŸ‡¸ğŸ‡»"
870540384517170,"Preliminary Competition âœ…

The delegates lit up the stage tonight! âœ¨âœ¨

#missuniverse2023 #missuniverse #72ndmissuniverse",Preliminary Competition âœ…  The delegates lit up the stage tonight!     
870539827850559,"TOP 15 l Miss Universe 2023 Preliminary Competition ğŸ‘‘âœ¨ğŸ”¥ by missologymundiatv
â€¢
Venezuela ğŸ‡»ğŸ‡ª
Nicaragua ğŸ‡³ğŸ‡®
Peru ğŸ‡µğŸ‡ª
Thailand ğŸ‡¹ğŸ‡­
Puerto Rico ğŸ‡µğŸ‡·
â€¢
#MU2023 #MissUniversePredictions",TOP 15 l Miss Universe 2023 Preliminary Competition  by missologymundiatv â€¢ Venezuela ğŸ‡»ğŸ‡ª Nicaragua ğŸ‡³ğŸ‡® Peru ğŸ‡µğŸ‡ª Thailand  Puerto Rico ğŸ‡µğŸ‡· â€¢  
870264954544713,"TOP 15 l Miss Universe 2023 ğŸ‘‘âœ¨ğŸ”¥ By Goddess_boricuas
â€¢
Puerto Rico ğŸ‡µğŸ‡·
Thailand ğŸ‡¹ğŸ‡­
Brazil ğŸ‡§ğŸ‡·
France ğŸ‡«ğŸ‡·
Venezuela ğŸ‡»ğŸ‡ª
â€¢
#MU2023 #MissUniversePredictions",TOP 15 l Miss Universe 2023  By Goddess_boricuas â€¢ Puerto Rico ğŸ‡µğŸ‡· Thailand  Brazil ğŸ‡§ğŸ‡· France ğŸ‡«ğŸ‡· Venezuela ğŸ‡»ğŸ‡ª â€¢  
870216867882855,"Miss Universe 2023 Delegates l Introduction Round ğŸ”¥
â€¢
Step 1 : Like Our Fanpage : https://www.facebook.com/MissUniversePredictions
Step 2 : Vote for your favorite candidates.
â€¢
VOTE FOR MISS UNIVERSE 2023, MUPXem thÃªm PEOPLE'S CHOICE : https://www.facebook.com/media/set/?vanity=MissUniversePredictions&set=a.867524994818709&locale=ms_MY

CONTEST END IN NOV 16th, 2023, 6.00 PM., San Salvador, El Salvador ğŸ‡¸ğŸ‡»","Miss Universe 2023 Delegates l Introduction Round  â€¢ Step 1 : Like Our Fanpage :  Step 2 : Vote for your favorite candidates. â€¢ VOTE FOR MISS UNIVERSE 2023, MUPXem thÃªm PEOPLE'S CHOICE :   CONTEST END IN NOV 16th, 2023, 6.00 PM., San Salvador, El Salvador ğŸ‡¸ğŸ‡»"
870197644551444,"The No Make-Up Photoshot ğŸ”¥
â€¢
Step 1 : Like Our Fanpage : https://www.facebook.com/MissUniversePredictions
Step 2 : Vote for your favorite candidates.
â€¢
VOTE FOR MISS UNIVERSE 2023, MUP PEOPLE'S CHOICE : Xem thÃªmhttps://www.facebook.com/media/set/?vanity=MissUniversePredictions&set=a.867524994818709&locale=ms_MY

CONTEST END IN NOV 16th, 2023, 6.00 PM., San Salvador, El Salvador ğŸ‡¸ğŸ‡»","The No Make-Up Photoshot  â€¢ Step 1 : Like Our Fanpage :  Step 2 : Vote for your favorite candidates. â€¢ VOTE FOR MISS UNIVERSE 2023, MUP PEOPLE'S CHOICE : Xem thÃªm  CONTEST END IN NOV 16th, 2023, 6.00 PM., San Salvador, El Salvador ğŸ‡¸ğŸ‡»"
870035121234363,"OUR MUP PEOPLE'S CHOICE LEADER : MYANMAR ğŸ‡²ğŸ‡²
â€¢
Step 1 : Like Our Fanpage : https://www.facebook.com/MissUniversePredictions
Step 2 : Vote for your favorite candidates.
â€¢
VOTE FOR MISS UNIVERSE 2023, MUP PEOPLE'Xem thÃªmS CHOICE : https://www.facebook.com/media/set/?vanity=MissUniversePredictions&set=a.867524994818709&locale=ms_MY

CONTEST END IN NOV 16th, 2023, 6.00 PM., San Salvador, El Salvador ğŸ‡¸ğŸ‡»","OUR MUP PEOPLE'S CHOICE LEADER : MYANMAR ğŸ‡²ğŸ‡² â€¢ Step 1 : Like Our Fanpage :  Step 2 : Vote for your favorite candidates. â€¢ VOTE FOR MISS UNIVERSE 2023, MUP PEOPLE'Xem thÃªmS CHOICE :   CONTEST END IN NOV 16th, 2023, 6.00 PM., San Salvador, El Salvador ğŸ‡¸ğŸ‡»"
869978721240003,"Miss Universe 2023 Delegates l 1st Day Interview
â€¢
Step 1 : Like Our Fanpage : https://www.facebook.com/MissUniversePredictions
Step 2 : Vote for your favorite candidates.
â€¢
VOTE FOR MISS UNIVERSE 2023, MUPXem thÃªm PEOPLE'S CHOICE : https://www.facebook.com/media/set/?vanity=MissUniversePredictions&set=a.867524994818709&locale=ms_MY

CONTEST END IN NOV 16th, 2023, 6.00 PM., San Salvador, El Salvador ğŸ‡¸ğŸ‡»","Miss Universe 2023 Delegates l 1st Day Interview â€¢ Step 1 : Like Our Fanpage :  Step 2 : Vote for your favorite candidates. â€¢ VOTE FOR MISS UNIVERSE 2023, MUPXem thÃªm PEOPLE'S CHOICE :   CONTEST END IN NOV 16th, 2023, 6.00 PM., San Salvador, El Salvador ğŸ‡¸ğŸ‡»"
869802777924264,"Miss Universe 2023 Delegates l Cameroon ğŸ‡¨ğŸ‡²
â€¢
Step 1 : Like Our Fanpage : https://www.facebook.com/MissUniversePredictions
Step 2 : Vote for your favorite candidates.
â€¢
VOTE FOR MISS UNIVERSE 2023, MUP PEOPLE'SXem thÃªm CHOICE : https://www.facebook.com/media/set/?vanity=MissUniversePredictions&set=a.867524994818709&locale=ms_MY

CONTEST END IN NOV 16th, 2023, 6.00 PM., San Salvador, El Salvador ğŸ‡¸ğŸ‡»","Miss Universe 2023 Delegates l Cameroon ğŸ‡¨ğŸ‡² â€¢ Step 1 : Like Our Fanpage :  Step 2 : Vote for your favorite candidates. â€¢ VOTE FOR MISS UNIVERSE 2023, MUP PEOPLE'SXem thÃªm CHOICE :   CONTEST END IN NOV 16th, 2023, 6.00 PM., San Salvador, El Salvador ğŸ‡¸ğŸ‡»"
869800814591127,"DAY 11 l Miss Universe 2023 Delegates l Nicaragua ğŸ‡³ğŸ‡®, Philippines ğŸ‡µğŸ‡­ and Mexico ğŸ‡²ğŸ‡½
â€¢
Step 1 : Like Our Fanpage : https://www.facebook.com/MissUniversePredictions
Step 2 : Vote for your favorite candidates.
â€¢Xem thÃªm
VOTE FOR MISS UNIVERSE 2023, MUP PEOPLE'S CHOICE : https://www.facebook.com/media/set/?vanity=MissUniversePredictions&set=a.867524994818709&locale=ms_MY

CONTEST END IN NOV 16th, 2023, 6.00 PM., San Salvador, El Salvador ğŸ‡¸ğŸ‡»","DAY 11 l Miss Universe 2023 Delegates l Nicaragua ğŸ‡³ğŸ‡®, Philippines  and Mexico ğŸ‡²ğŸ‡½ â€¢ Step 1 : Like Our Fanpage :  Step 2 : Vote for your favorite candidates. â€¢Xem thÃªm VOTE FOR MISS UNIVERSE 2023, MUP PEOPLE'S CHOICE :   CONTEST END IN NOV 16th, 2023, 6.00 PM., San Salvador, El Salvador ğŸ‡¸ğŸ‡»"
869761657928376,"Miss Universe 2023 Delegates l Puerto Rico ğŸ‡µğŸ‡·
â€¢
Step 1 : Like Our Fanpage : https://www.facebook.com/MissUniversePredictions
Step 2 : Vote for your favorite candidates.
â€¢
VOTE FOR MISS UNIVERSE 2023, MUPXem thÃªm PEOPLE'S CHOICE : https://www.facebook.com/media/set/?vanity=MissUniversePredictions&set=a.867524994818709&locale=ms_MY

CONTEST END IN NOV 16th, 2023, 6.00 PM., San Salvador, El Salvador ğŸ‡¸ğŸ‡»","Miss Universe 2023 Delegates l Puerto Rico ğŸ‡µğŸ‡· â€¢ Step 1 : Like Our Fanpage :  Step 2 : Vote for your favorite candidates. â€¢ VOTE FOR MISS UNIVERSE 2023, MUPXem thÃªm PEOPLE'S CHOICE :   CONTEST END IN NOV 16th, 2023, 6.00 PM., San Salvador, El Salvador ğŸ‡¸ğŸ‡»"
869697927934749,"UP DATE | MISS UNIVERSE 2023, MUP PEOPLE'S CHOICE
â€¢
1. Myanmar ğŸ‡²ğŸ‡²
2. Thailand ğŸ‡¹ğŸ‡­ â¬†ï¸
3. Cambodia ğŸ‡°ğŸ‡­â¬‡ï¸
4. Saint Lucia ğŸ‡±ğŸ‡¨ â¬†ï¸
5. Namibia ğŸ‡³ğŸ‡¦â¬‡ï¸

6. Philippines ğŸ‡µğŸ‡­
7. Laos ğŸ‡±ğŸ‡¦ Xem thÃªm
8. Guyana ğŸ‡¬ğŸ‡¾
9. Aruba ğŸ‡¦ğŸ‡¼
10. CuraÃ§ao ğŸ‡¨ğŸ‡¼

Upcoming: Puerto Rico ğŸ‡µğŸ‡·, Nicaragua ğŸ‡³ğŸ‡®, Peru ğŸ‡µğŸ‡ª, South Africa ğŸ‡¿ğŸ‡¦, Mexico ğŸ‡²ğŸ‡½
â€¢
Step 1 : Like Our Fanpage : https://www.facebook.com/MissUniversePredictions
Step 2 : Vote for your favorite candidates.
â€¢
VOTE FOR MISS UNIVERSE 2023, MUP PEOPLE'S CHOICE : https://www.facebook.com/media/set/?vanity=MissUniversePredictions&set=a.867524994818709&locale=ms_MY

CONTEST END IN NOV 16th, 2023, 6.00 PM., San Salvador, El Salvador ğŸ‡¸ğŸ‡»","UP DATE | MISS UNIVERSE 2023, MUP PEOPLE'S CHOICE â€¢ 1. Myanmar ğŸ‡²ğŸ‡² 2. Thailand  â¬†ï¸ 3. Cambodia ğŸ‡°ğŸ‡­â¬‡ï¸ 4. Saint Lucia ğŸ‡±ğŸ‡¨ â¬†ï¸ 5. Namibia ğŸ‡³ğŸ‡¦â¬‡ï¸  6. Philippines  7. Laos  Xem thÃªm 8. Guyana ğŸ‡¬ğŸ‡¾ 9. Aruba ğŸ‡¦ğŸ‡¼ 10. CuraÃ§ao ğŸ‡¨ğŸ‡¼  Upcoming: Puerto Rico ğŸ‡µğŸ‡·, Nicaragua ğŸ‡³ğŸ‡®, Peru ğŸ‡µğŸ‡ª, South Africa ğŸ‡¿ğŸ‡¦, Mexico ğŸ‡²ğŸ‡½ â€¢ Step 1 : Like Our Fanpage :  Step 2 : Vote for your favorite candidates. â€¢ VOTE FOR MISS UNIVERSE 2023, MUP PEOPLE'S CHOICE :   CONTEST END IN NOV 16th, 2023, 6.00 PM., San Salvador, El Salvador ğŸ‡¸ğŸ‡»"
869684714602737,"TOP 20 l Miss Universe 2023 ğŸ‘‘âœ¨ğŸ”¥ By Galaxy queen
â€¢
Vietnam ğŸ‡»ğŸ‡³
Philippines ğŸ‡µğŸ‡­
Mexico ğŸ‡²ğŸ‡½
Russia ğŸ‡·ğŸ‡º
Venezuela ğŸ‡»ğŸ‡ª
â€¢
#MU2023 #MissUniversePredictions",TOP 20 l Miss Universe 2023  By Galaxy queen â€¢ Vietnam ğŸ‡»ğŸ‡³ Philippines  Mexico ğŸ‡²ğŸ‡½ Russia ğŸ‡·ğŸ‡º Venezuela ğŸ‡»ğŸ‡ª â€¢  
869679111269964,"Who will be the next MISS UNIVERSE ?
â€¢
Mexico ğŸ‡²ğŸ‡½
Thailand ğŸ‡¹ğŸ‡­
Puerto Rico ğŸ‡µğŸ‡·
Myanmar ğŸ‡²ğŸ‡²
â€¢
Step 1 : Like Our Fanpage : https://www.facebook.com/MissUniversePredictions
Step 2 : Vote for your favoriteXem thÃªm candidates.
â€¢
VOTE FOR MISS UNIVERSE 2023, MUP PEOPLE'S CHOICE : https://www.facebook.com/media/set/?vanity=MissUniversePredictions&set=a.867524994818709&locale=ms_MY

CONTEST END IN NOV 16th, 2023, 6.00 PM., San Salvador, El Salvador ğŸ‡¸ğŸ‡»","Who will be the next MISS UNIVERSE ? â€¢ Mexico ğŸ‡²ğŸ‡½ Thailand  Puerto Rico ğŸ‡µğŸ‡· Myanmar ğŸ‡²ğŸ‡² â€¢ Step 1 : Like Our Fanpage :  Step 2 : Vote for your favoriteXem thÃªm candidates. â€¢ VOTE FOR MISS UNIVERSE 2023, MUP PEOPLE'S CHOICE :   CONTEST END IN NOV 16th, 2023, 6.00 PM., San Salvador, El Salvador ğŸ‡¸ğŸ‡»"
869637527940789,"Who is the strongest contender for Miss Universe 2023 âœ¨
â€¢
Philippines ğŸ‡µğŸ‡­
Myanmar ğŸ‡²ğŸ‡²
Thailand ğŸ‡¹ğŸ‡­
â€¢
â€¢VOTE FOR MUP PEOPLE'S CHOICE ğŸ”¥
â€¢
Step 1 : Like Our Fanpage : Xem thÃªmhttps://www.facebook.com/MissUniversePredictions
Step 2 : Vote for your favorite candidates.
â€¢
VOTE FOR MISS UNIVERSE 2023, MUP PEOPLE'S CHOICE : https://www.facebook.com/media/set/?vanity=MissUniversePredictions&set=a.867524994818709&locale=ms_MY

CONTEST END IN NOV 16th, 2023, 6.00 PM., San Salvador, El Salvador ğŸ‡¸ğŸ‡»","Who is the strongest contender for Miss Universe 2023  â€¢ Philippines  Myanmar ğŸ‡²ğŸ‡² Thailand  â€¢ â€¢VOTE FOR MUP PEOPLE'S CHOICE  â€¢ Step 1 : Like Our Fanpage : Xem thÃªm Step 2 : Vote for your favorite candidates. â€¢ VOTE FOR MISS UNIVERSE 2023, MUP PEOPLE'S CHOICE :   CONTEST END IN NOV 16th, 2023, 6.00 PM., San Salvador, El Salvador ğŸ‡¸ğŸ‡»"
869628007941741,"DAY 10 l Miss Universe 2023 Delegates l Laos ğŸ‡±ğŸ‡¦
â€¢
Step 1 : Like Our Fanpage : https://www.facebook.com/MissUniversePredictions
Step 2 : Vote for your favorite candidates.
â€¢
VOTE FOR MISS UNIVERSE 2023, MUPXem thÃªm PEOPLE'S CHOICE : https://www.facebook.com/media/set/?vanity=MissUniversePredictions&set=a.867524994818709&locale=ms_MY

CONTEST END IN NOV 16th, 2023, 6.00 PM., San Salvador, El Salvador ğŸ‡¸ğŸ‡»","DAY 10 l Miss Universe 2023 Delegates l Laos  â€¢ Step 1 : Like Our Fanpage :  Step 2 : Vote for your favorite candidates. â€¢ VOTE FOR MISS UNIVERSE 2023, MUPXem thÃªm PEOPLE'S CHOICE :   CONTEST END IN NOV 16th, 2023, 6.00 PM., San Salvador, El Salvador ğŸ‡¸ğŸ‡»"
869537041284171,"OUR MUP PEOPLE'S CHOICE LEADER : MYANMAR ğŸ‡²ğŸ‡²
â€¢
Step 1 : Like Our Fanpage : https://www.facebook.com/MissUniversePredictions
Step 2 : Vote for your favorite candidates.
â€¢
VOTE FOR MISS UNIVERSE 2023, MUP PEOPLE'Xem thÃªmS CHOICE : https://www.facebook.com/media/set/?vanity=MissUniversePredictions&set=a.867524994818709&locale=ms_MY

CONTEST END IN NOV 16th, 2023, 6.00 PM., San Salvador, El Salvador ğŸ‡¸ğŸ‡»","OUR MUP PEOPLE'S CHOICE LEADER : MYANMAR ğŸ‡²ğŸ‡² â€¢ Step 1 : Like Our Fanpage :  Step 2 : Vote for your favorite candidates. â€¢ VOTE FOR MISS UNIVERSE 2023, MUP PEOPLE'Xem thÃªmS CHOICE :   CONTEST END IN NOV 16th, 2023, 6.00 PM., San Salvador, El Salvador ğŸ‡¸ğŸ‡»"
869479791289896,"DAY 10 l Miss Universe 2023 Delegates l Philippines ğŸ‡µğŸ‡­
â€¢
Step 1 : Like Our Fanpage : https://www.facebook.com/MissUniversePredictions
Step 2 : Vote for your favorite candidates.
â€¢
VOTE FOR MISS UNIVERSE 2023,Xem thÃªm MUP PEOPLE'S CHOICE : https://www.facebook.com/media/set/?vanity=MissUniversePredictions&set=a.867524994818709&locale=ms_MY

CONTEST END IN NOV 16th, 2023, 6.00 PM., San Salvador, El Salvador ğŸ‡¸ğŸ‡»","DAY 10 l Miss Universe 2023 Delegates l Philippines  â€¢ Step 1 : Like Our Fanpage :  Step 2 : Vote for your favorite candidates. â€¢ VOTE FOR MISS UNIVERSE 2023,Xem thÃªm MUP PEOPLE'S CHOICE :   CONTEST END IN NOV 16th, 2023, 6.00 PM., San Salvador, El Salvador ğŸ‡¸ğŸ‡»"
869477637956778,"ğŒğ” â€˜ğŸğŸ‘ ğ–ğ€ğ“ğ‚ğ‡ | The stage is up! What can you say about it?

The 72nd Miss Universe pageant, to be held at the JosÃ© Adolfo Pineda Arena in San Salvador, El Salvador

#PageantryNewsInternational
#TPPNetwork
#72ndMissUniverse
#BeautifullyConfident
#HelloUniverse
ğŸ“¸ ctto","ğŒğ” â€˜ğŸğŸ‘ ğ–ğ€ğ“ğ‚ğ‡ | The stage is up! What can you say about it?  The 72nd Miss Universe pageant, to be held at the JosÃ© Adolfo Pineda Arena in San Salvador, El Salvador        ctto"
869268211311054,"VOTE FOR MUP PEOPLE'S CHOICE ğŸ”¥l THAILAND ğŸ‡¹ğŸ‡­
â€¢
Step 1 : Like Our Fanpage : https://www.facebook.com/MissUniversePredictions
Step 2 : Vote for your favorite candidates.
â€¢
VOTE FOR MISS UNIVERSE 2023, MUP PEOPLE'Xem thÃªmS CHOICE : https://www.facebook.com/media/set/?vanity=MissUniversePredictions&set=a.867524994818709&locale=ms_MY

CONTEST END IN NOV 16th, 2023, 6.00 PM., San Salvador, El Salvador ğŸ‡¸ğŸ‡»","VOTE FOR MUP PEOPLE'S CHOICE l THAILAND  â€¢ Step 1 : Like Our Fanpage :  Step 2 : Vote for your favorite candidates. â€¢ VOTE FOR MISS UNIVERSE 2023, MUP PEOPLE'Xem thÃªmS CHOICE :   CONTEST END IN NOV 16th, 2023, 6.00 PM., San Salvador, El Salvador ğŸ‡¸ğŸ‡»"
